Title,Unit,Price
True Elements Berries Mix ,30g,90.00
Sara Foods Brazil Nuts - ,200g,1050.00
Almond Nuts ,500g,700.00
Dry Fruits ( Pistachio ) ,250G,600.00
Dried Ritha Whole ,200 g,180.00
Combo Dry Fruits ,800 g,1310.00
Almond Nuts (Badam)- ,1Kg,1650.00
Gopala Premium Makhana ,250g,275.00
Dry Red Raisin (Rato Dakh)- ,500G,710.00
Harlal's Unique Cashewnuts ,200 g,488.00
Almond Nuts ,100g,140.00
,250 G,700.00
Makhana ( Fox Nuts) ,250 g,280.00
Pistachio (Pesta) ,200g,450.00
Crown Dates - ,500 G,550.00
Combo -Kaju ,200 G,1799.00
Roasted Cashew (Kaju) ,500g,950.00
Walnut ,500g,330.00
Bhumi Nepal Dried Blueberry-,500 g,1700.00
Dry Raisins (Green Kismis) ,200g,130.00
Dates-chokda ,1kg,360
Harlal'S Unique Almond -,100G,180.00
Makhana ,500g,525.00
Dry Raisins (Green Kismis) ,500g,325.00
Bhumi Nepal Dried Cranberry-,500 g,1200.00
Apricot Dry ,250G,340.00
Apricot (Khurpani) ,200g,210.00
Cashew Nuts (Kaju)- ,200G,380.00
Walnut ,500g,500.00
Crown Dates Wet - ,500G,425.00
Cashew Nuts (Kaju)- ,500G,910.00
Almond Nuts (Badam)- ,500G,745.00
Walnuts Okhar (दाते ओखर) Grade A - ,1KG,650.00
Broken Cashew Nut - ,1 Kg,1400.00
California Badam Almonds Desi Badam ,200 g,275.00
Dry Fruits (Black Kismis) ,200g,240.00
Peanuts ,1kg,250.00
Peanuts ,1kg,250.00
Walnut  Okhar - ,1Kg,680.00
Makhana ,250g,275.00
